rank_Traditional_Model,rank_Proposed_Model
0.166666667,0.166666667
0.058823529,0.058823529
0.333333333,0.333333333
0.5625,0.5625
0.944444444,0.944444444
0.25,0.125
0.619047619,0.619047619
0.034482759,0.034482759
0.666666667,0.433333333
0.083333333,0.083333333
0.333333333,0.25
0.083333333,0.083333333
1,1
0.31372549,0.274509804
0.756756757,0.405405405
